Status,Message,Process,Path,Source ID,Entity Ref,Entity Title,Security Descriptor,Date
Info,Created new SO ceedf809-43b1-4754-bb8d-3b972d1ddd7b,islandora/Container_2024-09-03_12-21-14,collection.116,,ceedf809-43b1-4754-bb8d-3b972d1ddd7b,collection.116,open,2024-09-03T16:27:25.000Z
Info,"No content is ready now, so waiting for 300s for it to be ready",islandora/Container_2024-09-03_12-21-14,/,,,,,2024-09-03T16:28:07.000Z
Info,Matched directory collection.116 to existing SO ceedf809-43b1-4754-bb8d-3b972d1ddd7b via Title collection.116,islandora/Container_2024-09-03_12-21-14,collection.116,,ceedf809-43b1-4754-bb8d-3b972d1ddd7b,collection.116,,2024-09-03T16:35:13.000Z
Info,Ingested into asset c3bcfb70-cf47-4462-aa22-c684f6dd3624,islandora/Container_2024-09-03_12-21-14,collection.116/collection.116_DC.xml,,c3bcfb70-cf47-4462-aa22-c684f6dd3624,collection.116_DC,open,2024-09-03T16:48:20.000Z
Info,Ingested into asset bb9cc337-5f39-4940-9af8-7cf8dde4a761,islandora/Container_2024-09-03_12-21-14,collection.116/collection.116_EAD.xml,,bb9cc337-5f39-4940-9af8-7cf8dde4a761,collection.116_EAD,open,2024-09-03T16:48:20.000Z
Info,Ingested into asset 2b0c5e24-b616-4f73-8e43-1c9c220bb947 with opex,islandora/Container_2024-09-03_12-21-14,collection.116/pitt_31735051656886_METS.xml,pitt_31735051656886_METS,2b0c5e24-b616-4f73-8e43-1c9c220bb947,pitt_31735051656886_METS,open,2024-09-03T16:48:20.000Z
Info,Ingested into asset f154f272-6bc1-4bb9-96a8-4909b161171e with opex,islandora/Container_2024-09-03_12-21-14,collection.116/pitt_31735051656886_dc.xml,pitt_31735051656886_dc,f154f272-6bc1-4bb9-96a8-4909b161171e,pitt_31735051656886_dc,open,2024-09-03T16:48:20.000Z
Info,Ingested into asset 38fb85ba-39be-4c9f-a162-e26082543288 with opex,islandora/Container_2024-09-03_12-21-14,collection.116/pitt_31735051656886_mods.xml,pitt_31735051656886_mods,38fb85ba-39be-4c9f-a162-e26082543288,pitt_31735051656886_mods,open,2024-09-03T16:48:20.000Z
Info,Ingested into asset 6459f389-218f-414d-ac6c-c46d6a7fa13c with opex,islandora/Container_2024-09-03_12-21-14,collection.116/pitt_31735051656910_METS.xml,pitt_31735051656910_METS,6459f389-218f-414d-ac6c-c46d6a7fa13c,pitt_31735051656910_METS,open,2024-09-03T16:48:20.000Z
Info,Ingested into asset 0d2ddaff-e61a-4f87-8722-e7b108ee901f with opex,islandora/Container_2024-09-03_12-21-14,collection.116/pitt_31735051656910_dc.xml,pitt_31735051656910_dc,0d2ddaff-e61a-4f87-8722-e7b108ee901f,pitt_31735051656910_dc,open,2024-09-03T16:48:20.000Z
Info,Ingested into asset df037c4a-3774-45b1-bd84-4dcc36567478 with opex,islandora/Container_2024-09-03_12-21-14,collection.116/pitt_31735051656910_mods.xml,pitt_31735051656910_mods,df037c4a-3774-45b1-bd84-4dcc36567478,pitt_31735051656910_mods,open,2024-09-03T16:48:20.000Z
Info,Ingested into asset 0fd06c2c-5600-43fc-80e8-539ae3973541 with opex,islandora/Container_2024-09-03_12-21-14,collection.116/pitt_31735051656928_METS.xml,pitt_31735051656928_METS,0fd06c2c-5600-43fc-80e8-539ae3973541,pitt_31735051656928_METS,open,2024-09-03T16:48:21.000Z
Info,Ingested into asset 0bc68c02-6850-49cf-a4ab-687f1d4e89bf with opex,islandora/Container_2024-09-03_12-21-14,collection.116/pitt_31735051656928_dc.xml,pitt_31735051656928_dc,0bc68c02-6850-49cf-a4ab-687f1d4e89bf,pitt_31735051656928_dc,open,2024-09-03T16:48:21.000Z
Info,Ingested into asset 4c6efc80-be1c-4a03-87e1-35bedf104e1e with opex,islandora/Container_2024-09-03_12-21-14,collection.116/pitt_31735051656928_mods.xml,pitt_31735051656928_mods,4c6efc80-be1c-4a03-87e1-35bedf104e1e,pitt_31735051656928_mods,open,2024-09-03T16:48:21.000Z
Info,Ingested into asset c66e7c81-ba62-4445-b9ab-57f44444def2 with opex,islandora/Container_2024-09-03_12-21-14,collection.116/pitt_31735051656951_METS.xml,pitt_31735051656951_METS,c66e7c81-ba62-4445-b9ab-57f44444def2,pitt_31735051656951_METS,open,2024-09-03T16:48:21.000Z
Info,Ingested into asset 1dc5642d-f510-4a70-ad43-03187c67ce49 with opex,islandora/Container_2024-09-03_12-21-14,collection.116/pitt_31735051656951_dc.xml,pitt_31735051656951_dc,1dc5642d-f510-4a70-ad43-03187c67ce49,pitt_31735051656951_dc,open,2024-09-03T16:48:21.000Z
Info,Ingested into asset 97795f14-1798-4568-946b-c18fec588689 with opex,islandora/Container_2024-09-03_12-21-14,collection.116/pitt_31735051656951_mods.xml,pitt_31735051656951_mods,97795f14-1798-4568-946b-c18fec588689,pitt_31735051656951_mods,open,2024-09-03T16:48:21.000Z
Info,Ingested into asset 7a55ee45-11a8-4a0b-a33d-e65c4ca6928e with opex,islandora/Container_2024-09-03_12-21-14,collection.116/pitt_31735051656969_METS.xml,pitt_31735051656969_METS,7a55ee45-11a8-4a0b-a33d-e65c4ca6928e,pitt_31735051656969_METS,open,2024-09-03T16:48:21.000Z
Info,Ingested into asset 00d7967c-dbfe-4eb0-abce-f9e58cf05d60 with opex,islandora/Container_2024-09-03_12-21-14,collection.116/pitt_31735051656969_dc.xml,pitt_31735051656969_dc,00d7967c-dbfe-4eb0-abce-f9e58cf05d60,pitt_31735051656969_dc,open,2024-09-03T16:48:21.000Z
Info,Ingested into asset 723792fa-2968-4910-ac42-ec0f3b958396 with opex,islandora/Container_2024-09-03_12-21-14,collection.116/pitt_31735051656969_mods.xml,pitt_31735051656969_mods,723792fa-2968-4910-ac42-ec0f3b958396,pitt_31735051656969_mods,open,2024-09-03T16:48:21.000Z
Info,Ingested into asset 29a2a9be-5e78-46ad-996a-375d8af429a4 with opex,islandora/Container_2024-09-03_12-21-14,collection.116/pitt_31735051656993_METS.xml,pitt_31735051656993_METS,29a2a9be-5e78-46ad-996a-375d8af429a4,pitt_31735051656993_METS,open,2024-09-03T16:48:21.000Z
Info,Ingested into asset 614092b5-7a0c-4fcf-be48-2c15a9249c06 with opex,islandora/Container_2024-09-03_12-21-14,collection.116/pitt_31735051656993_dc.xml,pitt_31735051656993_dc,614092b5-7a0c-4fcf-be48-2c15a9249c06,pitt_31735051656993_dc,open,2024-09-03T16:48:21.000Z
Info,Ingested into asset cbd3e946-a12c-4183-b93d-3c17f6924bc1 with opex,islandora/Container_2024-09-03_12-21-14,collection.116/pitt_31735051656993_mods.xml,pitt_31735051656993_mods,cbd3e946-a12c-4183-b93d-3c17f6924bc1,pitt_31735051656993_mods,open,2024-09-03T16:48:21.000Z
Info,Ingested into asset 58a53110-03d8-4995-b48f-ce2ffd6f4211 with opex,islandora/Container_2024-09-03_12-21-14,collection.116/pitt_31735051657009_METS.xml,pitt_31735051657009_METS,58a53110-03d8-4995-b48f-ce2ffd6f4211,pitt_31735051657009_METS,open,2024-09-03T16:48:22.000Z
Info,Ingested into asset f3b7e79f-cd75-48c8-bf30-ccb5156f769d with opex,islandora/Container_2024-09-03_12-21-14,collection.116/pitt_31735051657009_dc.xml,pitt_31735051657009_dc,f3b7e79f-cd75-48c8-bf30-ccb5156f769d,pitt_31735051657009_dc,open,2024-09-03T16:48:22.000Z
Info,Ingested into asset 73daa9b6-0143-4a5c-a7c5-866182b6909f with opex,islandora/Container_2024-09-03_12-21-14,collection.116/pitt_31735051657009_mods.xml,pitt_31735051657009_mods,73daa9b6-0143-4a5c-a7c5-866182b6909f,pitt_31735051657009_mods,open,2024-09-03T16:48:22.000Z
Info,Ingested into asset cfa5d59f-7d72-4a69-bdf7-8d2a76a1b357 with opex,islandora/Container_2024-09-03_12-21-14,collection.116/pitt_31735051657033_METS.xml,pitt_31735051657033_METS,cfa5d59f-7d72-4a69-bdf7-8d2a76a1b357,pitt_31735051657033_METS,open,2024-09-03T16:48:22.000Z
Info,Ingested into asset be5ef889-aa9c-4768-92c7-6c46071eb4ae with opex,islandora/Container_2024-09-03_12-21-14,collection.116/pitt_31735051657033_dc.xml,pitt_31735051657033_dc,be5ef889-aa9c-4768-92c7-6c46071eb4ae,pitt_31735051657033_dc,open,2024-09-03T16:48:22.000Z
Info,Ingested into asset 493a43ee-040d-4d18-a34f-d533b1eaa42a with opex,islandora/Container_2024-09-03_12-21-14,collection.116/pitt_31735051657033_mods.xml,pitt_31735051657033_mods,493a43ee-040d-4d18-a34f-d533b1eaa42a,pitt_31735051657033_mods,open,2024-09-03T16:48:22.000Z
Info,Ingested into asset 81b6abbb-0f4f-4471-a762-b2d59eb13c33 with opex,islandora/Container_2024-09-03_12-21-14,collection.116/pitt_31735051657041_METS.xml,pitt_31735051657041_METS,81b6abbb-0f4f-4471-a762-b2d59eb13c33,pitt_31735051657041_METS,open,2024-09-03T16:48:22.000Z
Info,Ingested into asset b46bde37-88f6-446b-9891-f532208272e5 with opex,islandora/Container_2024-09-03_12-21-14,collection.116/pitt_31735051657041_dc.xml,pitt_31735051657041_dc,b46bde37-88f6-446b-9891-f532208272e5,pitt_31735051657041_dc,open,2024-09-03T16:48:22.000Z
Info,Ingested into asset 185dacf9-8eb8-48e3-8dba-7276597a2a85 with opex,islandora/Container_2024-09-03_12-21-14,collection.116/pitt_31735051657041_mods.xml,pitt_31735051657041_mods,185dacf9-8eb8-48e3-8dba-7276597a2a85,pitt_31735051657041_mods,open,2024-09-03T16:48:22.000Z
Info,Ingested into asset 06da6a2e-3aea-4208-b64e-f5b0334099c6 with opex,islandora/Container_2024-09-03_12-21-14,collection.116/pitt_31735051657074_METS.xml,pitt_31735051657074_METS,06da6a2e-3aea-4208-b64e-f5b0334099c6,pitt_31735051657074_METS,open,2024-09-03T16:48:22.000Z
Info,Ingested into asset 225a7f5d-bb39-4777-b8e7-2d0bab71e9a9 with opex,islandora/Container_2024-09-03_12-21-14,collection.116/pitt_31735051657074_dc.xml,pitt_31735051657074_dc,225a7f5d-bb39-4777-b8e7-2d0bab71e9a9,pitt_31735051657074_dc,open,2024-09-03T16:48:22.000Z
Info,Ingested into asset b56f1339-8d99-4120-8f19-a861d1fa2070 with opex,islandora/Container_2024-09-03_12-21-14,collection.116/pitt_31735051657074_mods.xml,pitt_31735051657074_mods,b56f1339-8d99-4120-8f19-a861d1fa2070,pitt_31735051657074_mods,open,2024-09-03T16:48:22.000Z
Info,Ingested into asset 932edb43-2226-4bef-8d6b-cc3126d8dc88 with opex,islandora/Container_2024-09-03_12-21-14,collection.116/pitt_31735051657082_METS.xml,pitt_31735051657082_METS,932edb43-2226-4bef-8d6b-cc3126d8dc88,pitt_31735051657082_METS,open,2024-09-03T16:48:23.000Z
Info,Ingested into asset c2397830-e8b7-463a-bc84-0bdf011cbf1b with opex,islandora/Container_2024-09-03_12-21-14,collection.116/pitt_31735051657082_dc.xml,pitt_31735051657082_dc,c2397830-e8b7-463a-bc84-0bdf011cbf1b,pitt_31735051657082_dc,open,2024-09-03T16:48:23.000Z
Info,Ingested into asset 1cba4389-00ca-4862-8b39-b979996556e1 with opex,islandora/Container_2024-09-03_12-21-14,collection.116/pitt_31735051657082_mods.xml,pitt_31735051657082_mods,1cba4389-00ca-4862-8b39-b979996556e1,pitt_31735051657082_mods,open,2024-09-03T16:48:23.000Z
Info,Ingested into asset 77370b43-9b94-4066-b461-ddf892bdea04 with opex,islandora/Container_2024-09-03_12-21-14,collection.116/pitt_31735051657116_METS.xml,pitt_31735051657116_METS,77370b43-9b94-4066-b461-ddf892bdea04,pitt_31735051657116_METS,open,2024-09-03T16:48:23.000Z
Info,Ingested into asset fd8fc812-9aa8-495a-99a5-75af690057f9 with opex,islandora/Container_2024-09-03_12-21-14,collection.116/pitt_31735051657116_dc.xml,pitt_31735051657116_dc,fd8fc812-9aa8-495a-99a5-75af690057f9,pitt_31735051657116_dc,open,2024-09-03T16:48:23.000Z
Info,Ingested into asset 431b8c3f-34ee-4a45-9127-3588502dfbba with opex,islandora/Container_2024-09-03_12-21-14,collection.116/pitt_31735051657116_mods.xml,pitt_31735051657116_mods,431b8c3f-34ee-4a45-9127-3588502dfbba,pitt_31735051657116_mods,open,2024-09-03T16:48:23.000Z
Info,Ingested into asset 78e7d5a9-8b88-4bf0-b978-e554735194a7 with opex,islandora/Container_2024-09-03_12-21-14,collection.116/pitt_31735051657124_METS.xml,pitt_31735051657124_METS,78e7d5a9-8b88-4bf0-b978-e554735194a7,pitt_31735051657124_METS,open,2024-09-03T16:48:23.000Z
Info,Ingested into asset 1ffa530f-3b62-4684-922a-2ce6aac70bb1 with opex,islandora/Container_2024-09-03_12-21-14,collection.116/pitt_31735051657124_dc.xml,pitt_31735051657124_dc,1ffa530f-3b62-4684-922a-2ce6aac70bb1,pitt_31735051657124_dc,open,2024-09-03T16:48:23.000Z
Info,Ingested into asset 8a8f136f-027e-4fd4-81de-ef766c584135 with opex,islandora/Container_2024-09-03_12-21-14,collection.116/pitt_31735051657124_mods.xml,pitt_31735051657124_mods,8a8f136f-027e-4fd4-81de-ef766c584135,pitt_31735051657124_mods,open,2024-09-03T16:48:23.000Z
Info,Ingested into asset afeaa38e-88a9-4089-af83-721ba37091a3 with opex,islandora/Container_2024-09-03_12-21-14,collection.116/pitt_31735051657157_METS.xml,pitt_31735051657157_METS,afeaa38e-88a9-4089-af83-721ba37091a3,pitt_31735051657157_METS,open,2024-09-03T16:48:23.000Z
Info,Ingested into asset 7f4c1435-c6a8-40f2-94c7-4c04aab1f271 with opex,islandora/Container_2024-09-03_12-21-14,collection.116/pitt_31735051657157_dc.xml,pitt_31735051657157_dc,7f4c1435-c6a8-40f2-94c7-4c04aab1f271,pitt_31735051657157_dc,open,2024-09-03T16:48:23.000Z
Info,Ingested into asset fa4fc8d0-006e-4d15-9728-214b5f37fff3 with opex,islandora/Container_2024-09-03_12-21-14,collection.116/pitt_31735051657157_mods.xml,pitt_31735051657157_mods,fa4fc8d0-006e-4d15-9728-214b5f37fff3,pitt_31735051657157_mods,open,2024-09-03T16:48:23.000Z
Info,Ingested into asset 14c1aab8-59fa-4661-be64-eb1f0df10dea with opex,islandora/Container_2024-09-03_12-21-14,collection.116/pitt_31735051657165_METS.xml,pitt_31735051657165_METS,14c1aab8-59fa-4661-be64-eb1f0df10dea,pitt_31735051657165_METS,open,2024-09-03T16:48:23.000Z
Info,Ingested into asset 88686a9b-c0d1-45a8-93d6-492d13c92845 with opex,islandora/Container_2024-09-03_12-21-14,collection.116/pitt_31735051657165_dc.xml,pitt_31735051657165_dc,88686a9b-c0d1-45a8-93d6-492d13c92845,pitt_31735051657165_dc,open,2024-09-03T16:48:24.000Z
Info,Ingested into asset 84edb05f-ed65-4a9e-8f6d-14d1b4a910b5 with opex,islandora/Container_2024-09-03_12-21-14,collection.116/pitt_31735051657165_mods.xml,pitt_31735051657165_mods,84edb05f-ed65-4a9e-8f6d-14d1b4a910b5,pitt_31735051657165_mods,open,2024-09-03T16:48:24.000Z
Info,Ingested into asset 265f39bf-affd-4281-ab4c-077944e97958 with opex,islandora/Container_2024-09-03_12-21-14,collection.116/pitt_31735051657199_METS.xml,pitt_31735051657199_METS,265f39bf-affd-4281-ab4c-077944e97958,pitt_31735051657199_METS,open,2024-09-03T16:48:24.000Z
Info,Ingested into asset 7ebcb980-2238-4a3e-87c8-19e14a6a8a3c with opex,islandora/Container_2024-09-03_12-21-14,collection.116/pitt_31735051657199_dc.xml,pitt_31735051657199_dc,7ebcb980-2238-4a3e-87c8-19e14a6a8a3c,pitt_31735051657199_dc,open,2024-09-03T16:48:24.000Z
Info,Ingested into asset dd3b640d-dc08-42da-b412-4d84912e51ac with opex,islandora/Container_2024-09-03_12-21-14,collection.116/pitt_31735051657199_mods.xml,pitt_31735051657199_mods,dd3b640d-dc08-42da-b412-4d84912e51ac,pitt_31735051657199_mods,open,2024-09-03T16:48:24.000Z
Info,Ingested into asset 69109ca9-a124-41f6-b119-c0a0db4be83e with opex,islandora/Container_2024-09-03_12-21-14,collection.116/pitt_31735051657207_METS.xml,pitt_31735051657207_METS,69109ca9-a124-41f6-b119-c0a0db4be83e,pitt_31735051657207_METS,open,2024-09-03T16:48:24.000Z
Info,Ingested into asset bb246853-30b4-4a7a-8d32-78d1eb58c8f8 with opex,islandora/Container_2024-09-03_12-21-14,collection.116/pitt_31735051657207_dc.xml,pitt_31735051657207_dc,bb246853-30b4-4a7a-8d32-78d1eb58c8f8,pitt_31735051657207_dc,open,2024-09-03T16:48:24.000Z
Info,Ingested into asset cb2101d9-7921-4eaa-9c27-ecd33584aa60 with opex,islandora/Container_2024-09-03_12-21-14,collection.116/pitt_31735051657207_mods.xml,pitt_31735051657207_mods,cb2101d9-7921-4eaa-9c27-ecd33584aa60,pitt_31735051657207_mods,open,2024-09-03T16:48:24.000Z
Info,Ingested into asset d1a972a8-4085-4a6f-8389-e71caa6ef733 with opex,islandora/Container_2024-09-03_12-21-14,collection.116/pitt_31735051657231_METS.xml,pitt_31735051657231_METS,d1a972a8-4085-4a6f-8389-e71caa6ef733,pitt_31735051657231_METS,open,2024-09-03T16:48:24.000Z
Info,Ingested into asset fd71a797-eea3-4996-971d-7b9f3d6624a0 with opex,islandora/Container_2024-09-03_12-21-14,collection.116/pitt_31735051657231_dc.xml,pitt_31735051657231_dc,fd71a797-eea3-4996-971d-7b9f3d6624a0,pitt_31735051657231_dc,open,2024-09-03T16:48:24.000Z
Info,Ingested into asset 2e8d8419-9588-4a67-accc-12166605910c with opex,islandora/Container_2024-09-03_12-21-14,collection.116/pitt_31735051657231_mods.xml,pitt_31735051657231_mods,2e8d8419-9588-4a67-accc-12166605910c,pitt_31735051657231_mods,open,2024-09-03T16:48:24.000Z
Info,Ingested into asset 23320ae6-34c2-4bc5-8992-bd43b93ba38c with opex,islandora/Container_2024-09-03_12-21-14,collection.116/pitt_31735051657249_METS.xml,pitt_31735051657249_METS,23320ae6-34c2-4bc5-8992-bd43b93ba38c,pitt_31735051657249_METS,open,2024-09-03T16:48:24.000Z
Info,Ingested into asset c520a1ad-78a2-498d-8e62-780f9ad43805 with opex,islandora/Container_2024-09-03_12-21-14,collection.116/pitt_31735051657249_dc.xml,pitt_31735051657249_dc,c520a1ad-78a2-498d-8e62-780f9ad43805,pitt_31735051657249_dc,open,2024-09-03T16:48:24.000Z
Info,Ingested into asset c24542b1-11ce-4490-b627-d83e617fe83b with opex,islandora/Container_2024-09-03_12-21-14,collection.116/pitt_31735051657249_mods.xml,pitt_31735051657249_mods,c24542b1-11ce-4490-b627-d83e617fe83b,pitt_31735051657249_mods,open,2024-09-03T16:48:25.000Z
Info,Ingested into asset 9a69ad2c-ed3c-4659-8e4e-81b012778ce8 with opex,islandora/Container_2024-09-03_12-21-14,collection.116/pitt_31735051657272_METS.xml,pitt_31735051657272_METS,9a69ad2c-ed3c-4659-8e4e-81b012778ce8,pitt_31735051657272_METS,open,2024-09-03T16:48:25.000Z
Info,Ingested into asset 24d3e373-fcfa-4e8d-bb9e-3c6b41ed5951 with opex,islandora/Container_2024-09-03_12-21-14,collection.116/pitt_31735051657272_dc.xml,pitt_31735051657272_dc,24d3e373-fcfa-4e8d-bb9e-3c6b41ed5951,pitt_31735051657272_dc,open,2024-09-03T16:48:25.000Z
Info,Ingested into asset ef965911-8c2f-4499-862b-2444cf1f4d02 with opex,islandora/Container_2024-09-03_12-21-14,collection.116/pitt_31735051657272_mods.xml,pitt_31735051657272_mods,ef965911-8c2f-4499-862b-2444cf1f4d02,pitt_31735051657272_mods,open,2024-09-03T16:48:25.000Z
Info,Ingested into asset ce965ba2-5ef7-43af-9d20-3819abc76f79 with opex,islandora/Container_2024-09-03_12-21-14,collection.116/pitt_31735051657280_METS.xml,pitt_31735051657280_METS,ce965ba2-5ef7-43af-9d20-3819abc76f79,pitt_31735051657280_METS,open,2024-09-03T16:48:25.000Z
Info,Ingested into asset 96cc51ea-15f9-411b-b2d2-e73aa1eb897d with opex,islandora/Container_2024-09-03_12-21-14,collection.116/pitt_31735051657280_dc.xml,pitt_31735051657280_dc,96cc51ea-15f9-411b-b2d2-e73aa1eb897d,pitt_31735051657280_dc,open,2024-09-03T16:48:25.000Z
Info,Ingested into asset 9862b7f7-6b1a-4fcc-a821-0c4bd86c8779 with opex,islandora/Container_2024-09-03_12-21-14,collection.116/pitt_31735051657280_mods.xml,pitt_31735051657280_mods,9862b7f7-6b1a-4fcc-a821-0c4bd86c8779,pitt_31735051657280_mods,open,2024-09-03T16:48:25.000Z
Info,Ingested into asset 4254eb1e-dd34-4490-8f2f-d25a771813de with opex,islandora/Container_2024-09-03_12-21-14,collection.116/pitt_31735051657314_METS.xml,pitt_31735051657314_METS,4254eb1e-dd34-4490-8f2f-d25a771813de,pitt_31735051657314_METS,open,2024-09-03T16:48:25.000Z
Info,Ingested into asset f6ce8f4e-1d17-49ea-a5eb-8f135a94103f with opex,islandora/Container_2024-09-03_12-21-14,collection.116/pitt_31735051657314_dc.xml,pitt_31735051657314_dc,f6ce8f4e-1d17-49ea-a5eb-8f135a94103f,pitt_31735051657314_dc,open,2024-09-03T16:48:25.000Z
Info,Ingested into asset 0c9bd82c-c937-4cba-971d-24b561d74589 with opex,islandora/Container_2024-09-03_12-21-14,collection.116/pitt_31735051657314_mods.xml,pitt_31735051657314_mods,0c9bd82c-c937-4cba-971d-24b561d74589,pitt_31735051657314_mods,open,2024-09-03T16:48:25.000Z
Info,Ingested into asset dcb13654-d01b-4d4c-86cc-e00e16476b6f with opex,islandora/Container_2024-09-03_12-21-14,collection.116/pitt_31735051657322_METS.xml,pitt_31735051657322_METS,dcb13654-d01b-4d4c-86cc-e00e16476b6f,pitt_31735051657322_METS,open,2024-09-03T16:48:25.000Z
Info,Ingested into asset 53f00a58-0d72-4840-8829-dcece6bcb87c with opex,islandora/Container_2024-09-03_12-21-14,collection.116/pitt_31735051657322_dc.xml,pitt_31735051657322_dc,53f00a58-0d72-4840-8829-dcece6bcb87c,pitt_31735051657322_dc,open,2024-09-03T16:48:25.000Z
Info,Ingested into asset 81d412c0-fc04-44b3-82c3-475b087c795e with opex,islandora/Container_2024-09-03_12-21-14,collection.116/pitt_31735051657322_mods.xml,pitt_31735051657322_mods,81d412c0-fc04-44b3-82c3-475b087c795e,pitt_31735051657322_mods,open,2024-09-03T16:48:26.000Z
Info,Ingested into asset 97c50249-5e6a-4946-9797-0d8d0b5a84d7 with opex,islandora/Container_2024-09-03_12-21-14,collection.116/pitt_31735051657355_METS.xml,pitt_31735051657355_METS,97c50249-5e6a-4946-9797-0d8d0b5a84d7,pitt_31735051657355_METS,open,2024-09-03T16:48:26.000Z
Info,Ingested into asset 5b54eddb-06eb-4bec-8d71-20d88b0c882f with opex,islandora/Container_2024-09-03_12-21-14,collection.116/pitt_31735051657355_dc.xml,pitt_31735051657355_dc,5b54eddb-06eb-4bec-8d71-20d88b0c882f,pitt_31735051657355_dc,open,2024-09-03T16:48:26.000Z
Info,Ingested into asset c12a73f5-0d5d-407f-81a2-8633a77a7464 with opex,islandora/Container_2024-09-03_12-21-14,collection.116/pitt_31735051657355_mods.xml,pitt_31735051657355_mods,c12a73f5-0d5d-407f-81a2-8633a77a7464,pitt_31735051657355_mods,open,2024-09-03T16:48:26.000Z
Info,Ingested into asset 900bac04-b1b5-42ab-b846-00bdca5dfb19 with opex,islandora/Container_2024-09-03_12-21-14,collection.116/pitt_31735051657363_METS.xml,pitt_31735051657363_METS,900bac04-b1b5-42ab-b846-00bdca5dfb19,pitt_31735051657363_METS,open,2024-09-03T16:48:26.000Z
Info,Ingested into asset c92c1fb8-49e2-4f21-bfd1-0258bfc0fea5 with opex,islandora/Container_2024-09-03_12-21-14,collection.116/pitt_31735051657363_dc.xml,pitt_31735051657363_dc,c92c1fb8-49e2-4f21-bfd1-0258bfc0fea5,pitt_31735051657363_dc,open,2024-09-03T16:48:26.000Z
Info,Ingested into asset 47ed08bd-0c93-4434-bb58-c36acd05e766 with opex,islandora/Container_2024-09-03_12-21-14,collection.116/pitt_31735051657363_mods.xml,pitt_31735051657363_mods,47ed08bd-0c93-4434-bb58-c36acd05e766,pitt_31735051657363_mods,open,2024-09-03T16:48:26.000Z
Info,Ingested into asset bbc870bd-568c-4b2d-9f6b-35db95637c42 with opex,islandora/Container_2024-09-03_12-21-14,collection.116/pitt_31735051657397_METS.xml,pitt_31735051657397_METS,bbc870bd-568c-4b2d-9f6b-35db95637c42,pitt_31735051657397_METS,open,2024-09-03T16:48:26.000Z
Info,Ingested into asset 9f7020a2-3d67-49ac-8048-4dc474c016fb with opex,islandora/Container_2024-09-03_12-21-14,collection.116/pitt_31735051657397_dc.xml,pitt_31735051657397_dc,9f7020a2-3d67-49ac-8048-4dc474c016fb,pitt_31735051657397_dc,open,2024-09-03T16:48:26.000Z
Info,Ingested into asset 6020da40-f23f-4b25-8b0c-3a34fa2e28b0 with opex,islandora/Container_2024-09-03_12-21-14,collection.116/pitt_31735051657397_mods.xml,pitt_31735051657397_mods,6020da40-f23f-4b25-8b0c-3a34fa2e28b0,pitt_31735051657397_mods,open,2024-09-03T16:48:26.000Z
Info,Ingested into asset be558f48-0500-4edb-a6ad-7cb607e0a68a with opex,islandora/Container_2024-09-03_12-21-14,collection.116/pitt_31735051657405_METS.xml,pitt_31735051657405_METS,be558f48-0500-4edb-a6ad-7cb607e0a68a,pitt_31735051657405_METS,open,2024-09-03T16:48:26.000Z
Info,Ingested into asset 5963ff46-d2aa-4d10-bc2f-7ba46834df21 with opex,islandora/Container_2024-09-03_12-21-14,collection.116/pitt_31735051657405_dc.xml,pitt_31735051657405_dc,5963ff46-d2aa-4d10-bc2f-7ba46834df21,pitt_31735051657405_dc,open,2024-09-03T16:48:26.000Z
Info,Ingested into asset 3beb322c-c55c-46b6-a93b-64730e7b4645 with opex,islandora/Container_2024-09-03_12-21-14,collection.116/pitt_31735051657405_mods.xml,pitt_31735051657405_mods,3beb322c-c55c-46b6-a93b-64730e7b4645,pitt_31735051657405_mods,open,2024-09-03T16:48:26.000Z
Info,Ingested into asset 0876bb55-c1b3-4c05-8ca4-56653807ff17 with opex,islandora/Container_2024-09-03_12-21-14,collection.116/pitt_31735051657439_METS.xml,pitt_31735051657439_METS,0876bb55-c1b3-4c05-8ca4-56653807ff17,pitt_31735051657439_METS,open,2024-09-03T16:48:26.000Z
Info,Ingested into asset a5112e7a-6cc9-4537-862c-8ffe95ba0fbb with opex,islandora/Container_2024-09-03_12-21-14,collection.116/pitt_31735051657439_dc.xml,pitt_31735051657439_dc,a5112e7a-6cc9-4537-862c-8ffe95ba0fbb,pitt_31735051657439_dc,open,2024-09-03T16:48:27.000Z
Info,Ingested into asset 9184569f-6ca8-4116-b61d-c8679e25eb7d with opex,islandora/Container_2024-09-03_12-21-14,collection.116/pitt_31735051657439_mods.xml,pitt_31735051657439_mods,9184569f-6ca8-4116-b61d-c8679e25eb7d,pitt_31735051657439_mods,open,2024-09-03T16:48:27.000Z
Info,Ingested into asset 345eb406-7f76-450d-9dfd-de89e84a6aac with opex,islandora/Container_2024-09-03_12-21-14,collection.116/pitt_31735051657447_METS.xml,pitt_31735051657447_METS,345eb406-7f76-450d-9dfd-de89e84a6aac,pitt_31735051657447_METS,open,2024-09-03T16:48:27.000Z
Info,Ingested into asset a3fbd619-3b98-4945-b508-592d9b1003a7 with opex,islandora/Container_2024-09-03_12-21-14,collection.116/pitt_31735051657447_dc.xml,pitt_31735051657447_dc,a3fbd619-3b98-4945-b508-592d9b1003a7,pitt_31735051657447_dc,open,2024-09-03T16:48:27.000Z
Info,Ingested into asset 4fc4d1a3-f9c6-4988-87a9-3ddba1ef1607 with opex,islandora/Container_2024-09-03_12-21-14,collection.116/pitt_31735051657447_mods.xml,pitt_31735051657447_mods,4fc4d1a3-f9c6-4988-87a9-3ddba1ef1607,pitt_31735051657447_mods,open,2024-09-03T16:48:27.000Z
Info,Ingested into asset 1e88d744-9be0-43e2-bda5-7f240d6385ce with opex,islandora/Container_2024-09-03_12-21-14,collection.116/pitt_31735051657470_METS.xml,pitt_31735051657470_METS,1e88d744-9be0-43e2-bda5-7f240d6385ce,pitt_31735051657470_METS,open,2024-09-03T16:48:27.000Z
Info,Ingested into asset d76727cb-5baa-44ac-8d6c-38b699acfac3 with opex,islandora/Container_2024-09-03_12-21-14,collection.116/pitt_31735051657470_dc.xml,pitt_31735051657470_dc,d76727cb-5baa-44ac-8d6c-38b699acfac3,pitt_31735051657470_dc,open,2024-09-03T16:48:27.000Z
Info,Ingested into asset c5fa7c12-a7c9-4a88-92f1-e80435be7726 with opex,islandora/Container_2024-09-03_12-21-14,collection.116/pitt_31735051657470_mods.xml,pitt_31735051657470_mods,c5fa7c12-a7c9-4a88-92f1-e80435be7726,pitt_31735051657470_mods,open,2024-09-03T16:48:27.000Z
Info,Ingested into asset cb333448-bdbf-4166-aa55-32b1d6ff6006 with opex,islandora/Container_2024-09-03_12-21-14,collection.116/pitt_31735051657488_METS.xml,pitt_31735051657488_METS,cb333448-bdbf-4166-aa55-32b1d6ff6006,pitt_31735051657488_METS,open,2024-09-03T16:48:27.000Z
Info,Ingested into asset f6b88be0-9f8c-4447-be64-0054cd9208ae with opex,islandora/Container_2024-09-03_12-21-14,collection.116/pitt_31735051657488_dc.xml,pitt_31735051657488_dc,f6b88be0-9f8c-4447-be64-0054cd9208ae,pitt_31735051657488_dc,open,2024-09-03T16:48:27.000Z
Info,Ingested into asset 479e52e3-0a80-4aa2-bffc-200cf058f83e with opex,islandora/Container_2024-09-03_12-21-14,collection.116/pitt_31735051657488_mods.xml,pitt_31735051657488_mods,479e52e3-0a80-4aa2-bffc-200cf058f83e,pitt_31735051657488_mods,open,2024-09-03T16:48:27.000Z
Info,Ingested into asset 3f7ccf52-7d42-43a7-bb43-1c2860a7b598 with opex,islandora/Container_2024-09-03_12-21-14,collection.116/pitt_31735051657496_METS.xml,pitt_31735051657496_METS,3f7ccf52-7d42-43a7-bb43-1c2860a7b598,pitt_31735051657496_METS,open,2024-09-03T16:48:27.000Z
Info,Ingested into asset 0b61810c-06cf-4ab0-863c-fcf22c1db0be with opex,islandora/Container_2024-09-03_12-21-14,collection.116/pitt_31735051657496_dc.xml,pitt_31735051657496_dc,0b61810c-06cf-4ab0-863c-fcf22c1db0be,pitt_31735051657496_dc,open,2024-09-03T16:48:27.000Z
Info,Ingested into asset 3b0a4bce-f5d5-4937-9a4f-5dd38335a0b7 with opex,islandora/Container_2024-09-03_12-21-14,collection.116/pitt_31735051657496_mods.xml,pitt_31735051657496_mods,3b0a4bce-f5d5-4937-9a4f-5dd38335a0b7,pitt_31735051657496_mods,open,2024-09-03T16:48:28.000Z
Info,Ingested into asset 7662e864-ccb4-4144-8929-6449597a41e3 with opex,islandora/Container_2024-09-03_12-21-14,collection.116/pitt_31735051657538_METS.xml,pitt_31735051657538_METS,7662e864-ccb4-4144-8929-6449597a41e3,pitt_31735051657538_METS,open,2024-09-03T16:48:28.000Z
Info,Ingested into asset b6416dfe-438a-4a35-abf8-0fbc71977c95 with opex,islandora/Container_2024-09-03_12-21-14,collection.116/pitt_31735051657538_dc.xml,pitt_31735051657538_dc,b6416dfe-438a-4a35-abf8-0fbc71977c95,pitt_31735051657538_dc,open,2024-09-03T16:48:28.000Z
Info,Ingested into asset c3550fb9-4f6c-4f01-a8f5-95dd62537128 with opex,islandora/Container_2024-09-03_12-21-14,collection.116/pitt_31735051657538_mods.xml,pitt_31735051657538_mods,c3550fb9-4f6c-4f01-a8f5-95dd62537128,pitt_31735051657538_mods,open,2024-09-03T16:48:28.000Z
Info,Ingested into asset 7a8c5cb1-cb95-4d9c-99e1-6a0972d1433f with opex,islandora/Container_2024-09-03_12-21-14,collection.116/pitt_31735051657579_METS.xml,pitt_31735051657579_METS,7a8c5cb1-cb95-4d9c-99e1-6a0972d1433f,pitt_31735051657579_METS,open,2024-09-03T16:48:28.000Z
Info,Ingested into asset 3fcbdd95-7153-4975-8a50-4784930b881e with opex,islandora/Container_2024-09-03_12-21-14,collection.116/pitt_31735051657579_dc.xml,pitt_31735051657579_dc,3fcbdd95-7153-4975-8a50-4784930b881e,pitt_31735051657579_dc,open,2024-09-03T16:48:28.000Z
Info,Ingested into asset e1ab0aa2-8a8c-48b2-b430-79d75888ad9d with opex,islandora/Container_2024-09-03_12-21-14,collection.116/pitt_31735051657579_mods.xml,pitt_31735051657579_mods,e1ab0aa2-8a8c-48b2-b430-79d75888ad9d,pitt_31735051657579_mods,open,2024-09-03T16:48:28.000Z
Info,Ingested into asset 63c1cafc-b1b8-4464-92c8-3f72ed54bbe8 with opex,islandora/Container_2024-09-03_12-21-14,collection.116/pitt_31735051657611_METS.xml,pitt_31735051657611_METS,63c1cafc-b1b8-4464-92c8-3f72ed54bbe8,pitt_31735051657611_METS,open,2024-09-03T16:48:28.000Z
Info,Ingested into asset e45b0086-c97a-43ac-aabf-a1e07009dc00 with opex,islandora/Container_2024-09-03_12-21-14,collection.116/pitt_31735051657611_dc.xml,pitt_31735051657611_dc,e45b0086-c97a-43ac-aabf-a1e07009dc00,pitt_31735051657611_dc,open,2024-09-03T16:48:28.000Z
Info,Ingested into asset 4799bcb1-f9d5-4384-a768-4b45c0e91a25 with opex,islandora/Container_2024-09-03_12-21-14,collection.116/pitt_31735051657611_mods.xml,pitt_31735051657611_mods,4799bcb1-f9d5-4384-a768-4b45c0e91a25,pitt_31735051657611_mods,open,2024-09-03T16:48:28.000Z
Info,Ingested into asset c17f5b2a-cb76-40e6-8c9d-cd0a5cb1cbc2 with opex,islandora/Container_2024-09-03_12-21-14,collection.116/pitt_31735051657652_METS.xml,pitt_31735051657652_METS,c17f5b2a-cb76-40e6-8c9d-cd0a5cb1cbc2,pitt_31735051657652_METS,open,2024-09-03T16:48:28.000Z
Info,Ingested into asset 650bd04b-b9ae-49b3-8df5-8c956d0d4b8b with opex,islandora/Container_2024-09-03_12-21-14,collection.116/pitt_31735051657652_dc.xml,pitt_31735051657652_dc,650bd04b-b9ae-49b3-8df5-8c956d0d4b8b,pitt_31735051657652_dc,open,2024-09-03T16:48:28.000Z
Info,Ingested into asset b0019265-f79f-41c2-b311-9a5fcbaec5dc with opex,islandora/Container_2024-09-03_12-21-14,collection.116/pitt_31735051657652_mods.xml,pitt_31735051657652_mods,b0019265-f79f-41c2-b311-9a5fcbaec5dc,pitt_31735051657652_mods,open,2024-09-03T16:48:28.000Z
Info,Ingested into asset 6707987d-177c-40b7-b096-1caae7d23230 with opex,islandora/Container_2024-09-03_12-21-14,collection.116/pitt_31735051657694_METS.xml,pitt_31735051657694_METS,6707987d-177c-40b7-b096-1caae7d23230,pitt_31735051657694_METS,open,2024-09-03T16:48:29.000Z
Info,Ingested into asset 8c08aa51-4192-4f63-946e-d0333cab0627 with opex,islandora/Container_2024-09-03_12-21-14,collection.116/pitt_31735051657694_dc.xml,pitt_31735051657694_dc,8c08aa51-4192-4f63-946e-d0333cab0627,pitt_31735051657694_dc,open,2024-09-03T16:48:29.000Z
Info,Ingested into asset 17488642-5737-4393-bb92-92cd148fbd14 with opex,islandora/Container_2024-09-03_12-21-14,collection.116/pitt_31735051657694_mods.xml,pitt_31735051657694_mods,17488642-5737-4393-bb92-92cd148fbd14,pitt_31735051657694_mods,open,2024-09-03T16:48:29.000Z
Info,Ingested into asset a2595b4f-d949-4a27-9ae2-5ef20b073f27 with opex,islandora/Container_2024-09-03_12-21-14,collection.116/pitt_31735051656886.pax,pitt:31735051656886,a2595b4f-d949-4a27-9ae2-5ef20b073f27,pitt_31735051656886,open,2024-09-03T16:48:29.000Z
Info,Ingested into asset cd087a8e-cd57-4c08-ba3c-33331110ff3f with opex,islandora/Container_2024-09-03_12-21-14,collection.116/pitt_31735051656910.pax,pitt:31735051656910,cd087a8e-cd57-4c08-ba3c-33331110ff3f,pitt_31735051656910,open,2024-09-03T16:48:30.000Z
Info,Ingested into asset 516d09dd-cd8b-4ab5-8144-6fc7a060d39b with opex,islandora/Container_2024-09-03_12-21-14,collection.116/pitt_31735051656928.pax,pitt:31735051656928,516d09dd-cd8b-4ab5-8144-6fc7a060d39b,pitt_31735051656928,open,2024-09-03T16:48:30.000Z
Info,Ingested into asset ad466b07-8d30-4e5a-9e7b-15b7e293cb8d with opex,islandora/Container_2024-09-03_12-21-14,collection.116/pitt_31735051656951.pax,pitt:31735051656951,ad466b07-8d30-4e5a-9e7b-15b7e293cb8d,pitt_31735051656951,open,2024-09-03T16:48:31.000Z
Info,Ingested into asset 0075ed4c-34e0-452f-bcd9-b12d83656282 with opex,islandora/Container_2024-09-03_12-21-14,collection.116/pitt_31735051656969.pax,pitt:31735051656969,0075ed4c-34e0-452f-bcd9-b12d83656282,pitt_31735051656969,open,2024-09-03T16:48:31.000Z
Info,Ingested into asset bfc6f7fc-71b5-40ce-8f94-153c6e53ad18 with opex,islandora/Container_2024-09-03_12-21-14,collection.116/pitt_31735051656993.pax,pitt:31735051656993,bfc6f7fc-71b5-40ce-8f94-153c6e53ad18,pitt_31735051656993,open,2024-09-03T16:48:32.000Z
Info,Ingested into asset 4dd1651e-8383-4832-85bf-22e5b4f76dfa with opex,islandora/Container_2024-09-03_12-21-14,collection.116/pitt_31735051657009.pax,pitt:31735051657009,4dd1651e-8383-4832-85bf-22e5b4f76dfa,pitt_31735051657009,open,2024-09-03T16:48:33.000Z
Info,Ingested into asset 9c3c1e47-85ca-4771-a3e8-dbf304351dfb with opex,islandora/Container_2024-09-03_12-21-14,collection.116/pitt_31735051657033.pax,pitt:31735051657033,9c3c1e47-85ca-4771-a3e8-dbf304351dfb,pitt_31735051657033,open,2024-09-03T16:48:34.000Z
Info,Ingested into asset 04c8e3eb-4072-47e3-a0ff-89ee0c41971b with opex,islandora/Container_2024-09-03_12-21-14,collection.116/pitt_31735051657041.pax,pitt:31735051657041,04c8e3eb-4072-47e3-a0ff-89ee0c41971b,pitt_31735051657041,open,2024-09-03T16:48:34.000Z
Info,Ingested into asset c1f772cb-85e2-4415-bf4b-541e7bfd22ec with opex,islandora/Container_2024-09-03_12-21-14,collection.116/pitt_31735051657074.pax,pitt:31735051657074,c1f772cb-85e2-4415-bf4b-541e7bfd22ec,pitt_31735051657074,open,2024-09-03T16:48:34.000Z
Info,Ingested into asset 438c4c24-0417-48dc-b899-bcc404ba1c85 with opex,islandora/Container_2024-09-03_12-21-14,collection.116/pitt_31735051657082.pax,pitt:31735051657082,438c4c24-0417-48dc-b899-bcc404ba1c85,pitt_31735051657082,open,2024-09-03T16:48:35.000Z
Info,Ingested into asset 0e26f515-296f-436f-b874-b3684070144f with opex,islandora/Container_2024-09-03_12-21-14,collection.116/pitt_31735051657116.pax,pitt:31735051657116,0e26f515-296f-436f-b874-b3684070144f,pitt_31735051657116,open,2024-09-03T16:48:35.000Z
Info,Ingested into asset 45e42532-3df7-4486-b148-c8e0e07698de with opex,islandora/Container_2024-09-03_12-21-14,collection.116/pitt_31735051657124.pax,pitt:31735051657124,45e42532-3df7-4486-b148-c8e0e07698de,pitt_31735051657124,open,2024-09-03T16:48:36.000Z
Info,Ingested into asset 824c1469-79a9-48ae-b9c3-e81aa79f88ec with opex,islandora/Container_2024-09-03_12-21-14,collection.116/pitt_31735051657157.pax,pitt:31735051657157,824c1469-79a9-48ae-b9c3-e81aa79f88ec,pitt_31735051657157,open,2024-09-03T16:48:36.000Z
Info,Ingested into asset 0025d57f-2c43-49d7-bff6-9319ecea01f7 with opex,islandora/Container_2024-09-03_12-21-14,collection.116/pitt_31735051657165.pax,pitt:31735051657165,0025d57f-2c43-49d7-bff6-9319ecea01f7,pitt_31735051657165,open,2024-09-03T16:48:37.000Z
Info,Ingested into asset e778316a-44ea-46e1-b5ab-bac816ba80aa with opex,islandora/Container_2024-09-03_12-21-14,collection.116/pitt_31735051657199.pax,pitt:31735051657199,e778316a-44ea-46e1-b5ab-bac816ba80aa,pitt_31735051657199,open,2024-09-03T16:48:37.000Z
Info,Ingested into asset cd1cfb35-766b-4fe8-b195-1b35d720dedb with opex,islandora/Container_2024-09-03_12-21-14,collection.116/pitt_31735051657207.pax,pitt:31735051657207,cd1cfb35-766b-4fe8-b195-1b35d720dedb,pitt_31735051657207,open,2024-09-03T16:48:38.000Z
Info,Ingested into asset f289bff9-7142-4614-98e1-9bd9c5a54d3d with opex,islandora/Container_2024-09-03_12-21-14,collection.116/pitt_31735051657231.pax,pitt:31735051657231,f289bff9-7142-4614-98e1-9bd9c5a54d3d,pitt_31735051657231,open,2024-09-03T16:48:38.000Z
Info,Ingested into asset c30e6748-4284-46c1-aa61-129a8acf5ad8 with opex,islandora/Container_2024-09-03_12-21-14,collection.116/pitt_31735051657249.pax,pitt:31735051657249,c30e6748-4284-46c1-aa61-129a8acf5ad8,pitt_31735051657249,open,2024-09-03T16:48:38.000Z
Info,Ingested into asset a4427683-e433-4750-aa10-d583cf592072 with opex,islandora/Container_2024-09-03_12-21-14,collection.116/pitt_31735051657272.pax,pitt:31735051657272,a4427683-e433-4750-aa10-d583cf592072,pitt_31735051657272,open,2024-09-03T16:48:39.000Z
Info,Ingested into asset 944ac0fc-ffdc-4cb8-b6cf-f8ffad0e9e89 with opex,islandora/Container_2024-09-03_12-21-14,collection.116/pitt_31735051657280.pax,pitt:31735051657280,944ac0fc-ffdc-4cb8-b6cf-f8ffad0e9e89,pitt_31735051657280,open,2024-09-03T16:48:40.000Z
Info,Ingested into asset 41cfd236-16bc-42cc-98d2-5742b51fbf21 with opex,islandora/Container_2024-09-03_12-21-14,collection.116/pitt_31735051657314.pax,pitt:31735051657314,41cfd236-16bc-42cc-98d2-5742b51fbf21,pitt_31735051657314,open,2024-09-03T16:48:40.000Z
Info,Ingested into asset 92fea18c-4ca5-4359-8da1-be2e69be0d53 with opex,islandora/Container_2024-09-03_12-21-14,collection.116/pitt_31735051657322.pax,pitt:31735051657322,92fea18c-4ca5-4359-8da1-be2e69be0d53,pitt_31735051657322,open,2024-09-03T16:48:41.000Z
Info,Ingested into asset a1206cef-0cc0-4aed-9d9d-078241a8e884 with opex,islandora/Container_2024-09-03_12-21-14,collection.116/pitt_31735051657355.pax,pitt:31735051657355,a1206cef-0cc0-4aed-9d9d-078241a8e884,pitt_31735051657355,open,2024-09-03T16:48:41.000Z
Info,Ingested into asset d25a089c-6677-4ba0-b901-f97984833d51 with opex,islandora/Container_2024-09-03_12-21-14,collection.116/pitt_31735051657363.pax,pitt:31735051657363,d25a089c-6677-4ba0-b901-f97984833d51,pitt_31735051657363,open,2024-09-03T16:48:41.000Z
Info,Ingested into asset 6cf1691f-2c00-4c5c-a2da-018d156bcf75 with opex,islandora/Container_2024-09-03_12-21-14,collection.116/pitt_31735051657397.pax,pitt:31735051657397,6cf1691f-2c00-4c5c-a2da-018d156bcf75,pitt_31735051657397,open,2024-09-03T16:48:42.000Z
Info,Ingested into asset 0f12b7fb-0b2a-405f-96df-1da04ef707b7 with opex,islandora/Container_2024-09-03_12-21-14,collection.116/pitt_31735051657405.pax,pitt:31735051657405,0f12b7fb-0b2a-405f-96df-1da04ef707b7,pitt_31735051657405,open,2024-09-03T16:48:42.000Z
Info,Ingested into asset a278c94f-0e94-4c2c-b3e3-712db7a677ec with opex,islandora/Container_2024-09-03_12-21-14,collection.116/pitt_31735051657439.pax,pitt:31735051657439,a278c94f-0e94-4c2c-b3e3-712db7a677ec,pitt_31735051657439,open,2024-09-03T16:48:43.000Z
Info,Ingested into asset 9dd14d30-543e-48a1-ab06-0a9e7b95ef74 with opex,islandora/Container_2024-09-03_12-21-14,collection.116/pitt_31735051657447.pax,pitt:31735051657447,9dd14d30-543e-48a1-ab06-0a9e7b95ef74,pitt_31735051657447,open,2024-09-03T16:48:43.000Z
Info,Ingested into asset 1d2f2416-a49b-40d3-b16e-2a8a1f84a8cd with opex,islandora/Container_2024-09-03_12-21-14,collection.116/pitt_31735051657470.pax,pitt:31735051657470,1d2f2416-a49b-40d3-b16e-2a8a1f84a8cd,pitt_31735051657470,open,2024-09-03T16:48:44.000Z
Info,Ingested into asset 93992484-9f96-403c-8d38-0077bc99fede with opex,islandora/Container_2024-09-03_12-21-14,collection.116/pitt_31735051657488.pax,pitt:31735051657488,93992484-9f96-403c-8d38-0077bc99fede,pitt_31735051657488,open,2024-09-03T16:48:44.000Z
Info,Ingested into asset 81efb0b9-95d2-466d-ac64-7804aa13b4f9 with opex,islandora/Container_2024-09-03_12-21-14,collection.116/pitt_31735051657496.pax,pitt:31735051657496,81efb0b9-95d2-466d-ac64-7804aa13b4f9,pitt_31735051657496,open,2024-09-03T16:48:45.000Z
Info,Ingested into asset 2b4cff00-c783-4aa7-a2bc-85b863820cbd with opex,islandora/Container_2024-09-03_12-21-14,collection.116/pitt_31735051657538.pax,pitt:31735051657538,2b4cff00-c783-4aa7-a2bc-85b863820cbd,pitt_31735051657538,open,2024-09-03T16:48:45.000Z
Info,Ingested into asset 3ab79f33-f384-4254-a8ee-0c7347ea05bc with opex,islandora/Container_2024-09-03_12-21-14,collection.116/pitt_31735051657579.pax,pitt:31735051657579,3ab79f33-f384-4254-a8ee-0c7347ea05bc,pitt_31735051657579,open,2024-09-03T16:48:46.000Z
Info,Ingested into asset 0526de59-63d2-415d-a5cb-32058c71350d with opex,islandora/Container_2024-09-03_12-21-14,collection.116/pitt_31735051657611.pax,pitt:31735051657611,0526de59-63d2-415d-a5cb-32058c71350d,pitt_31735051657611,open,2024-09-03T16:48:46.000Z
Info,Ingested into asset 3eca29c1-6a2b-458e-8fe0-a0f9aa35f2c8 with opex,islandora/Container_2024-09-03_12-21-14,collection.116/pitt_31735051657652.pax,pitt:31735051657652,3eca29c1-6a2b-458e-8fe0-a0f9aa35f2c8,pitt_31735051657652,open,2024-09-03T16:48:47.000Z
Info,Ingested into asset 7e14c7ea-556f-48dd-82c2-6a18eb222357 with opex,islandora/Container_2024-09-03_12-21-14,collection.116/pitt_31735051657694.pax,pitt:31735051657694,7e14c7ea-556f-48dd-82c2-6a18eb222357,pitt_31735051657694,open,2024-09-03T16:48:47.000Z
Info,"No content is ready now, so waiting for 300s for it to be ready",islandora/Container_2024-09-03_12-21-14,/,,,,,2024-09-03T16:48:58.000Z
